devices,accuracy,precision,recall,timeMs
10,0.78,0.9615384615384616,0.7142857142857143,0
100,0.588,0.9095744680851063,0.475,1
500,0.6148,0.8854064642507345,0.5165714285714286,1
1000,0.6004,0.9038076152304609,0.4997229916897507,2
